year,km_driven,owner,seller_type,seats,fuel,transmission,mileage,engine,max_power,selling_price
2014.0,52442.0,Second Owner,Trustmark Dealer,5.0,Petrol,Manual,18.5,1198.0,86.8,7642.869337075183
2016.0,40000.0,First Owner,Individual,7.0,Petrol,Automatic,10.75,2694.0,163.7,25418.736919264076
2014.0,200000.0,First Owner,Individual,5.0,Diesel,Manual,25.1,1498.0,98.6,7348.365659467392
2016.0,20000.0,First Owner,Individual,5.0,Petrol,Manual,20.4,1197.0,81.8,9351.169087701324
,140000.0,,Individual,5.0,Diesel,Manual,25.1,1498.0,98.6,8965.36368649511
2009.0,90000.0,Second Owner,Individual,5.0,Diesel,Manual,19.3,1248.0,73.9,6408.779094771934
2019.0,30000.0,Third Owner,Individual,5.0,Diesel,Manual,23.0,1498.0,98.96,13167.861775962805
2017.0,120000.0,First Owner,Individual,5.0,Diesel,Manual,26.59,1248.0,74.0,10457.228464658043
2008.0,66530.0,Second Owner,Individual,5.0,Petrol,Manual,18.9,1061.0,67.0,3969.667872976406
2013.0,120000.0,Second Owner,Individual,5.0,Diesel,Manual,19.09,1405.0,69.01,8171.783067948041
2016.0,15000.0,Second Owner,Individual,6.0,Petrol,Manual,18.15,1198.0,82.0,10200.27656988701
2017.0,25000.0,First Owner,Individual,5.0,Diesel,Manual,24.3,1248.0,88.5,12112.111778157276
2016.0,56494.0,First Owner,Trustmark Dealer,5.0,Petrol,Manual,18.2,1199.0,88.7,8715.089380001416
2018.0,25000.0,First Owner,Individual,5.0,Petrol,Manual,21.21,1197.0,81.8,10406.721589896104
2017.0,80000.0,First Owner,Individual,5.0,Diesel,Manual,21.19,1396.0,88.73,11153.77201039292
2008.0,120000.0,Second Owner,Individual,8.0,Petrol,Manual,19.7,796.0,35.0,5324.89550684023
2016.0,45000.0,Second Owner,Individual,5.0,Petrol,Manual,25.17,799.0,53.3,8916.38734906063
2017.0,50000.0,First Owner,Individual,5.0,Diesel,Manual,24.3,1248.0,88.5,11676.505816276274
2012.0,200000.0,Second Owner,Individual,5.0,Diesel,Manual,22.32,1582.0,126.32,6204.59973092748
2008.0,110000.0,First Owner,Individual,7.0,Diesel,Manual,13.93,2179.0,138.1,7011.087514701742
2019.0,18000.0,First Owner,Individual,5.0,Petrol,Manual,21.21,1197.0,81.8,11100.525546153402
2015.0,62000.0,First Owner,Dealer,7.0,Diesel,Manual,21.0,1498.0,74.96,11849.122106716037
2011.0,15000.0,Third Owner,Individual,5.0,Petrol,Manual,19.7,796.0,46.3,6582.390388750867
2019.0,8500.0,First Owner,Dealer,5.0,Diesel,Automatic,16.78,1995.0,190.0,28434.2870267444
2017.0,46000.0,First Owner,Individual,7.0,Diesel,Manual,15.4,2179.0,120.0,13269.275934260288
2013.0,76000.0,Second Owner,Individual,5.0,Diesel,Manual,22.9,1248.0,74.0,8938.305249491266
2017.0,60000.0,First Owner,Individual,5.0,Petrol,Manual,20.3,998.0,68.05,9225.931487185644
2015.0,40000.0,First Owner,Individual,5.0,Petrol,Manual,17.4,1497.0,117.3,8430.323367229732
2012.0,70000.0,First Owner,Individual,5.0,Diesel,Manual,23.2,1248.0,73.94,8471.26556826404
2017.0,20000.0,First Owner,Individual,5.0,Petrol,Manual,21.21,,,9922.465489283
2012.0,50000.0,Second Owner,Individual,5.0,Petrol,Manual,18.6,1197.0,85.8,6542.483984557127
2016.0,70000.0,First Owner,Individual,9.0,Diesel,Manual,15.96,2523.0,63.0,13805.392518068971
2019.0,,First Owner,Individual,5.0,Petrol,Automatic,,1197.0,81.8,25263.144540908048
2015.0,110000.0,First Owner,Individual,7.0,Diesel,Manual,14.1,2179.0,147.94,11010.648070007048
2015.0,70000.0,First Owner,Individual,7.0,Diesel,Manual,15.4,2179.0,120.0,11708.425636993292
2019.0,16034.0,First Owner,Dealer,5.0,Diesel,Manual,21.7,1498.0,98.96,13411.208690508009
2018.0,80000.0,First Owner,Individual,5.0,Diesel,Manual,22.95,,,11725.273949072249
2018.0,50000.0,First Owner,Individual,5.0,CNG,Manual,37.24,998.0,58.16,14525.646020829436
2008.0,70000.0,Third Owner,Individual,5.0,Petrol,Manual,19.7,796.0,46.3,3909.80441182081
2018.0,60000.0,First Owner,Individual,5.0,Diesel,Manual,22.1,1396.0,88.7,12073.597055141498
2018.0,40000.0,First Owner,Individual,7.0,Diesel,Manual,16.5,,,13946.227635746302
2014.0,46000.0,Second Owner,Individual,5.0,Petrol,Manual,19.1,1197.0,81.86,7755.259146694332
2009.0,100000.0,First Owner,Individual,5.0,Diesel,Manual,18.1,1493.0,110.0,6233.492693915144
2014.0,40000.0,Second Owner,Individual,5.0,Petrol,Manual,20.92,998.0,67.1,7860.231438423911
2012.0,110000.0,First Owner,Individual,5.0,Petrol,Manual,19.81,120.0,68.05,5497.543008060807
2013.0,120000.0,Second Owner,Individual,5.0,Diesel,Manual,22.9,1248.0,74.0,8171.638756580703
2012.0,70000.0,Second Owner,Individual,5.0,Diesel,Manual,20.8,1461.0,65.0,8471.524114080472
2017.0,35000.0,First Owner,Individual,5.0,Diesel,Manual,25.83,1498.0,99.0,11937.565732211078
2011.0,60000.0,First Owner,Individual,5.0,Petrol,Manual,16.2,1599.0,103.2,5796.654102895815
2020.0,6000.0,First Owner,Individual,5.0,Petrol,Manual,23.95,998.0,67.05,11881.377266463902
2015.0,100000.0,First Owner,Individual,5.0,Petrol,Manual,18.6,1197.0,81.83,7385.894855148088
2009.0,70000.0,Third Owner,Individual,5.0,Petrol,Manual,19.7,796.0,46.3,4481.138698751427
2019.0,5000.0,First Owner,Individual,5.0,Petrol,Automatic,20.52,1197.0,81.8,26221.477657046253
2017.0,,Second Owner,Individual,5.0,Diesel,Manual,,1047.0,69.0,11502.827373740925
2018.0,31000.0,First Owner,Dealer,5.0,Petrol,Automatic,24.04,999.0,67.0,25197.04118744208
2011.0,110000.0,First Owner,Individual,5.0,Diesel,Manual,20.54,1598.0,103.6,7202.353971751624
2016.0,56494.0,First Owner,Trustmark Dealer,5.0,Petrol,Manual,18.2,,,8715.251043436972
2014.0,21000.0,First Owner,Individual,7.0,Petrol,Manual,16.02,1373.0,93.7,9714.506842093633
2010.0,80000.0,Second Owner,Individual,5.0,Diesel,Manual,23.0,1396.0,90.0,7153.890152624463
2019.0,8500.0,First Owner,Dealer,5.0,Diesel,Automatic,16.78,1995.0,190.0,28434.2870267444
2016.0,35000.0,Second Owner,Individual,5.0,Diesel,Manual,22.77,1498.0,98.59,11366.243302527075
2015.0,39000.0,First Owner,Dealer,7.0,Diesel,Manual,16.0,2179.0,140.0,12247.998627451834
2002.0,120000.0,Fourth & Above Owner,Individual,5.0,Petrol,Manual,13.2,1495.0,94.0,-392.3132057871353
2011.0,120000.0,Second Owner,Individual,8.0,Diesel,Manual,12.05,2179.0,1801.15,9264.994469492922
2009.0,120000.0,Second Owner,Individual,5.0,Diesel,Manual,23.0,1396.0,90.0,5885.586326684242
2015.0,108000.0,First Owner,Individual,5.0,Diesel,Manual,19.67,1582.0,126.2,9522.141122564812
2015.0,156975.0,First Owner,Individual,9.0,Diesel,Manual,15.96,,,11718.00350626794
2015.0,35000.0,First Owner,Individual,5.0,Diesel,Manual,23.0,1248.0,88.7,10795.195035520903
2015.0,26000.0,First Owner,Individual,5.0,Petrol,Manual,20.73,1373.0,91.1,8675.020412861903
1996.0,70000.0,Third Owner,Individual,4.0,Petrol,Manual,16.1,9078.0,37.0,-3709.4506309604367
2010.0,100000.0,Second Owner,Individual,7.0,Diesel,Manual,13.6,2523.0,63.0,8330.170373853873
2017.0,40000.0,First Owner,Individual,5.0,Petrol,Manual,17.4,1497.0,117.6,9572.983265056857
2013.0,169000.0,First Owner,Individual,5.0,Diesel,Manual,20.0,1399.0,68.1,7318.021699964738
2015.0,40000.0,Second Owner,Individual,7.0,Petrol,Manual,16.02,1373.0,93.7,9954.990029577382
2011.0,60000.0,First Owner,Individual,5.0,Petrol,Manual,18.6,1199.0,79.4,5797.342401601757
2016.0,30000.0,Second Owner,Individual,5.0,Petrol,Manual,22.74,796.0,47.3,9177.924446871402
2008.0,40000.0,Fourth & Above Owner,Individual,5.0,Petrol,Manual,12.85,1396.0,99.6,4430.990124018069
2012.0,120000.0,First Owner,Individual,7.0,Diesel,Manual,15.96,2523.0,62.1,9124.38020631263
2015.0,60000.0,First Owner,Individual,5.0,Diesel,Manual,20.45,1461.0,83.8,10359.730782197004
2011.0,80000.0,Second Owner,Individual,9.0,Diesel,Manual,12.05,2179.0,120.0,10772.575131473124
2016.0,80000.0,First Owner,Individual,8.0,Diesel,Manual,18.2,1248.0,73.74,12868.847457463262
2016.0,50000.0,First Owner,Individual,5.0,Diesel,Manual,25.2,1248.0,74.0,11105.590870994234
2018.0,38817.0,First Owner,Dealer,5.0,Diesel,Manual,27.39,1248.0,74.0,12443.119824433825
2003.0,36088.0,First Owner,Individual,4.0,Petrol,Manual,16.1,796.0,37.0,881.2903941457153
2019.0,30000.0,First Owner,Individual,5.0,Petrol,Manual,20.3,1086.0,68.0,10891.833782019512
2016.0,127700.0,Second Owner,Dealer,7.0,Diesel,Automatic,11.36,2755.0,171.5,26167.32898876199
2010.0,120000.0,Second Owner,Individual,5.0,Diesel,Manual,16.2,1493.0,110.0,6456.342211340958
2020.0,120000.0,First Owner,Individual,7.0,Diesel,Manual,15.1,2179.0,152.87,13693.439664456962
2019.0,13000.0,First Owner,Individual,5.0,Diesel,Manual,22.54,,,13464.532213843953
2009.0,90000.0,Second Owner,Individual,8.0,Diesel,Manual,14.0,2498.0,112.0,8693.653459936824
2014.0,80000.0,Second Owner,Individual,5.0,Diesel,Manual,24.0,1120.0,70.0,9440.101391747883
2006.0,110000.0,Fourth & Above Owner,Individual,5.0,Petrol,Manual,13.9,1599.0,103.2,2068.0207444807256
2007.0,120000.0,Second Owner,Individual,5.0,Diesel,Manual,19.2,1461.0,65.0,4743.1305142458905
,42130.0,,Individual,5.0,Petrol,Manual,21.1,814.0,55.2,8395.005678337931
2003.0,50000.0,Third Owner,Individual,4.0,Petrol,Manual,16.1,796.0,37.0,638.8843884781745
2016.0,110000.0,First Owner,Individual,7.0,Diesel,Manual,18.49,1493.0,100.0,11583.368787188205
,70000.0,,Individual,5.0,Diesel,Manual,25.8,1498.0,98.6,10185.060379761917
2016.0,50000.0,First Owner,Individual,5.0,Petrol,Manual,20.4,1197.0,81.8,8828.44193344412
2012.0,56365.0,First Owner,Dealer,5.0,Diesel,Manual,25.44,15198.0,56.3,8709.355210679518
2018.0,35000.0,Second Owner,Individual,5.0,Petrol,Manual,23.84,1199.0,84.0,10232.415580893574
2010.0,180000.0,First Owner,Individual,5.0,Diesel,Manual,19.3,1248.0,73.9,5411.931918930942
2018.0,25000.0,First Owner,Individual,5.0,Petrol,Manual,23.84,1199.0,84.0,10406.657965645974
2016.0,90000.0,First Owner,Individual,5.0,Petrol,Manual,20.4,1197.0,81.8,8131.472394434517
2015.0,70000.0,First Owner,Individual,7.0,Diesel,Manual,15.4,1997.0,120.0,11708.425636993292
2018.0,49000.0,First Owner,Individual,7.0,Diesel,Automatic,12.9,2755.0,174.5,28681.203490993285
2007.0,60000.0,Third Owner,Individual,5.0,Petrol,Manual,14.7,1150.0,76.0,3511.3433408463598
2009.0,40000.0,First Owner,Individual,4.0,Petrol,Manual,16.1,796.0,37.0,4242.142736233771
2010.0,70000.0,First Owner,Individual,5.0,Petrol,Manual,17.0,1197.0,80.0,5051.498377850521
2005.0,80000.0,First Owner,Individual,7.0,Diesel,Manual,13.6,2523.0,63.0,5821.973467286099
2018.0,15000.0,First Owner,Individual,5.0,Petrol,Manual,24.7,796.0,47.3,10581.961718570983
2015.0,80000.0,Second Owner,Individual,5.0,Diesel,Manual,23.9,1582.0,126.2,10010.019799871534
2019.0,15000.0,First Owner,Individual,5.0,Petrol,Automatic,18.9,1197.0,81.86,26047.23353708703
2012.0,70000.0,First Owner,Individual,5.0,Diesel,Manual,22.32,1582.0,126.32,8469.750732708695
2012.0,40000.0,Second Owner,Individual,5.0,Diesel,Manual,23.0,1396.0,90.0,8993.5282654953
2014.0,50000.0,First Owner,Individual,5.0,Petrol,Manual,19.1,11067.0,85.8,7685.448247545413
2013.0,100000.0,First Owner,Individual,5.0,Diesel,Manual,23.57,1396.0,7.33,8522.05163006555
2010.0,96443.0,Second Owner,Individual,7.0,Diesel,Manual,11.57,2179.0,138.1,8389.976489571807
2017.0,9000.0,First Owner,Individual,8.0,Petrol,Manual,16.8,796.0,34.2,12401.522816768136
2010.0,90000.0,Second Owner,Individual,5.0,Diesel,Manual,18.3,,1155.61,6948.830205517516
2009.0,110000.0,First Owner,Individual,7.0,Diesel,Manual,11.57,2179.0,138.1,7582.421801632359
2012.0,73000.0,First Owner,Individual,7.0,Diesel,Manual,20.77,1248.0,88.76,9942.548404417807
2006.0,94000.0,Second Owner,Individual,5.0,Petrol,Manual,17.4,1599.0,104.0,2346.7854239936114
2018.0,64000.0,First Owner,Dealer,5.0,Petrol,Manual,20.65,1462.0,103.25,9726.555952922981
2018.0,35000.0,Second Owner,Individual,7.0,Diesel,Manual,25.47,12175.0,,14033.348828122502
2013.0,60000.0,Fourth & Above Owner,Individual,5.0,Petrol,Manual,22.74,796.0,47.3,6940.941871467474
2015.0,30000.0,First Owner,Individual,7.0,Diesel,Manual,15.96,2523.0,62.1,12407.069650585838
2018.0,69779.0,First Owner,Dealer,5.0,Petrol,Automatic,22.0,1197.0,81.8,24520.918625928058
2015.0,30000.0,First Owner,Dealer,5.0,Petrol,Manual,18.6,1197.0,81.83,8605.591548414895
2017.0,40000.0,First Owner,Individual,7.0,Diesel,Manual,24.52,,,13374.888228105938
2017.0,51777.0,First Owner,Dealer,5.0,Diesel,Manual,24.3,1248.0,88.5,11645.542944505773
2015.0,70000.0,First Owner,Individual,7.0,Diesel,Manual,20.77,1248.0,88.76,11709.329101345123
2016.0,11000.0,First Owner,Dealer,5.0,Petrol,Automatic,14.3,1598.0,103.5,24401.796678226034
2019.0,72000.0,First Owner,Individual,5.0,Diesel,Manual,25.5,1498.0,1440.36,12397.250319492228
2014.0,120000.0,First Owner,Individual,5.0,Diesel,Manual,23.59,1364.0,67.04,8743.217456274817
2011.0,42545.0,First Owner,Dealer,5.0,Diesel,Automatic,19.62,19140.0,190.0,23269.64429099043
2011.0,89580.0,Second Owner,Dealer,8.0,Diesel,Manual,12.8,2494.0,102.0,9844.17941509461
2016.0,16500.0,First Owner,Individual,5.0,Petrol,Manual,18.6,1197.0,81.83,9412.153054761255
2011.0,188000.0,Second Owner,Individual,5.0,Diesel,Manual,17.8,1248.0,75.0,5844.090485934573
2017.0,,First Owner,Individual,5.0,Diesel,Manual,,1248.0,74.0,11502.68277317245
2012.0,30000.0,First Owner,Individual,5.0,Petrol,Manual,17.5,1197.0,1090.92,6861.900569384796
2018.0,142000.0,First Owner,Individual,5.0,Diesel,Manual,14.1,8602.0,147.94,10643.096272636514
2014.0,120000.0,First Owner,Individual,5.0,Diesel,Manual,22.3,1248.0,74.0,8743.0161722835
2014.0,40000.0,Third Owner,Individual,5.0,Petrol,Manual,19.4,1198.0,86.8,7859.661712184119
2017.0,9000.0,First Owner,Dealer,5.0,Diesel,Automatic,13.6,1999.0,177.0,27282.777174413837
2016.0,35000.0,First Owner,Individual,5.0,Petrol,Manual,18.9,1197.0,82.0,9089.799726549983
2017.0,35000.0,First Owner,Individual,5.0,Petrol,Manual,17.8,,,9661.1019121544
,37161.0,,Dealer,5.0,Diesel,Manual,22.7,1498.0,89.84,10757.508287246295
2014.0,110000.0,First Owner,Individual,7.0,Diesel,Manual,20.77,1248.0,88.76,10440.815843822209
2009.0,80000.0,Second Owner,Individual,5.0,Petrol,Manual,20.36,1197.0,78.9,4305.953518292568
2013.0,47000.0,Second Owner,Individual,5.0,Petrol,Manual,21.1,814.0,55.2,7167.2285027474045
,80000.0,,Individual,7.0,Diesel,Manual,15.4,2179.0,120.0,11534.183252240891
2012.0,100000.0,First Owner,Individual,5.0,Petrol,Automatic,14.53,1794.0,138.1,20564.196549563603
2014.0,22000.0,First Owner,Individual,5.0,Petrol,Manual,20.51,998.0,67.04,8173.869466185055
2012.0,200000.0,Fourth & Above Owner,Individual,7.0,Diesel,Manual,15.1,2179.0,1923.02,7676.623110316094
2012.0,150000.0,First Owner,Individual,5.0,Diesel,Manual,20.0,1399.0,68.0,7077.49827572018
2018.0,30000.0,First Owner,Individual,5.0,Petrol,Manual,24.7,796.0,47.3,10320.59814144238
2016.0,35000.0,First Owner,Individual,7.0,Diesel,Manual,24.52,1248.0,88.5,12890.519254138706
2011.0,90000.0,Third Owner,Individual,5.0,Diesel,Manual,23.0,1396.0,90.0,7551.232054802678
2018.0,38817.0,First Owner,Dealer,5.0,Diesel,Manual,27.39,1248.0,74.0,12443.119824433825
2016.0,11000.0,First Owner,Dealer,5.0,Petrol,Automatic,14.3,11436.0,103.5,24401.796678226034
2012.0,150000.0,Third Owner,Individual,5.0,Diesel,Manual,19.09,1396.0,69.0,7077.469355606484
2012.0,70000.0,Fourth & Above Owner,Individual,5.0,Diesel,Manual,22.07,1199.0,73.9,8471.266725068588
2014.0,,Third Owner,Individual,5.0,Petrol,Manual,,814.0,55.2,7512.09081827208
2016.0,38000.0,First Owner,Individual,5.0,Petrol,Manual,24.7,796.0,47.3,9038.530539069481
2010.0,90000.0,First Owner,Individual,9.0,Diesel,Manual,14.0,1948.0,90.0,10027.616063200956
2015.0,40200.0,First Owner,Dealer,7.0,Diesel,Manual,21.0,1498.0,74.96,12228.97050547627
2015.0,50000.0,First Owner,Individual,7.0,Diesel,Manual,16.55,2498.0,105.0,12057.34420820352
2015.0,90000.0,First Owner,Individual,5.0,Diesel,Manual,20.45,1461.0,83.8,9837.003627939801
2012.0,120000.0,First Owner,Individual,5.0,LPG,Manual,29.54,814.0,55.2,12154.442328759262
2015.0,100000.0,First Owner,Individual,7.0,Diesel,Manual,18.49,1493.0,100.0,11186.27688500999
2013.0,60000.0,Second Owner,Individual,5.0,Diesel,Manual,25.0,1396.0,69.01,9217.237376462446
1999.0,100000.0,Third Owner,Individual,5.0,Petrol,Manual,17.3,993.0,60.0,-1756.3582546280431
,7500.0,,Dealer,5.0,Diesel,Automatic,16.78,1995.0,190.0,26165.86899678743
2015.0,45000.0,First Owner,Dealer,5.0,Diesel,Manual,28.4,1248.0,74.0,10621.377776439818
2012.0,40000.0,First Owner,Individual,5.0,Diesel,Manual,20.0,1399.0,68.0,8994.164507996591
2011.0,168000.0,Second Owner,Individual,7.0,Diesel,Manual,12.8,2494.0,102.0,7715.778560034058
2009.0,100000.0,Second Owner,Individual,5.0,Diesel,Manual,17.8,1248.0,75.0,6234.504897894469
2014.0,,First Owner,Individual,8.0,Diesel,Automatic,,2179.0,120.0,26967.553387779335
2019.0,20000.0,First Owner,Individual,5.0,Petrol,Automatic,20.89,1197.0,81.8,25960.11407991765
2016.0,35000.0,Second Owner,Individual,5.0,Petrol,Manual,22.74,796.0,47.3,9090.8032544952
2012.0,120000.0,Third Owner,Individual,5.0,Diesel,Manual,22.32,1582.0,126.32,7598.538808946689
2016.0,120000.0,First Owner,Individual,5.0,Petrol,Manual,23.95,998.0,67.05,7609.171811854315
2018.0,110000.0,First Owner,Individual,7.0,Diesel,Manual,16.36,2179.0,140.0,12724.885677211385
2015.0,40000.0,First Owner,Individual,5.0,Petrol,Automatic,18.9,1197.0,1022.95,23298.56887697657
2009.0,90000.0,First Owner,Individual,5.0,Diesel,Manual,21.1,1248.0,73.9,6408.779094771934
2009.0,75000.0,Third Owner,Individual,5.0,Petrol,Manual,18.9,1061.0,67.0,4393.418860021739
2013.0,139000.0,First Owner,Individual,5.0,Diesel,Manual,25.44,936.0,57.6,7841.0525154157385
2019.0,10000.0,First Owner,Individual,5.0,Petrol,Manual,18.9,1197.0,81.86,11239.917718748502
2017.0,60000.0,First Owner,Individual,7.0,Diesel,Manual,18.49,,,13026.403458601137
2016.0,30000.0,Second Owner,Individual,5.0,Diesel,Manual,27.3,1498.0,98.6,11453.364205702139
2018.0,5000.0,Second Owner,Individual,5.0,Petrol,Manual,20.63,1198.0,67.0,10755.634377083592
2014.0,90000.0,First Owner,Individual,5.0,Diesel,Manual,25.2,,,9265.47986430494
2013.0,120000.0,First Owner,Individual,5.0,Diesel,Manual,19.09,1396.0,69.0,8171.783357149177
2012.0,110000.0,Third Owner,Individual,5.0,Petrol,Manual,20.92,998.0,7.76,5499.286601715479
2017.0,95000.0,First Owner,Individual,9.0,Diesel,Manual,15.96,2523.0,63.0,13941.120843118586
2014.0,77000.0,First Owner,Dealer,5.0,Diesel,Manual,28.4,1248.0,74.0,9492.258426718823
2011.0,375000.0,First Owner,Individual,8.0,Diesel,Manual,12.8,2494.0,102.0,4870.953269491578
2017.0,30000.0,First Owner,Individual,5.0,Petrol,Manual,21.1,814.0,55.2,9749.030264903828
2018.0,25000.0,First Owner,Individual,6.0,Diesel,Manual,16.55,2498.0,105.0,13444.966077753896
2011.0,,First Owner,Dealer,5.0,Diesel,Automatic,,2143.0,204.0,22965.099326813383
2007.0,135000.0,First Owner,Individual,5.0,Diesel,Manual,17.0,1405.0,70.0,4481.622336548814
2015.0,45000.0,Second Owner,Individual,5.0,Petrol,Manual,20.85,1197.0,83.14,8344.190085937353
2016.0,100000.0,Second Owner,Individual,5.0,Diesel,Manual,24.3,1248.0,88.5,10233.959605583652
2017.0,2000.0,Second Owner,Individual,5.0,Diesel,Manual,25.4,1186.0,73.97,12513.289472339788
2009.0,60000.0,First Owner,Individual,5.0,Petrol,Manual,19.7,796.0,1053.61,4626.249563777703
2002.0,290000.0,First Owner,Individual,10.0,Diesel,Manual,13.1,2446.0,75.0,2732.9994654066613
2009.0,87000.0,Second Owner,Individual,5.0,Petrol,Manual,13.2,1495.0,94.0,4183.5471552490935
2015.0,80000.0,First Owner,Individual,5.0,Petrol,Manual,18.2,1199.0,82.4,7734.363140188084
2014.0,89100.0,Second Owner,Individual,5.0,Diesel,Manual,23.2,1248.0,73.94,9281.42687637524
2018.0,30000.0,First Owner,Individual,5.0,Diesel,Manual,28.4,1248.0,74.02,12596.748756667743
2014.0,110000.0,Third Owner,Individual,5.0,Diesel,Manual,23.2,1248.0,73.94,8917.260292242721
2010.0,70000.0,Second Owner,Individual,5.0,Petrol,Manual,19.81,,,5051.40843629693
2011.0,150000.0,First Owner,Individual,5.0,Petrol,Manual,12.8,1396.0,85.0,4228.9989861934555
2007.0,160000.0,Fourth & Above Owner,Individual,5.0,Petrol,Manual,18.2,998.0,67.1,1769.1768823342336
2017.0,90000.0,First Owner,Individual,7.0,Diesel,Manual,16.5,1493.0,70.0,12504.055447034474
2017.0,15000.0,First Owner,Individual,5.0,Petrol,Manual,24.7,796.0,47.3,10010.62231093062
2014.0,139000.0,First Owner,Individual,8.0,Diesel,Automatic,11.79,2179.0,120.0,25591.038548235367
2017.0,25538.0,First Owner,Trustmark Dealer,5.0,Petrol,Manual,16.78,8887.0,88.73,9825.807525568154
2010.0,78000.0,First Owner,Individual,7.0,Diesel,Manual,13.6,2523.0,63.0,8713.503620309155
2017.0,28000.0,First Owner,Individual,5.0,Diesel,Manual,22.54,1396.0,88.73,12059.832411105406
1999.0,80000.0,Third Owner,Individual,4.0,Petrol,Manual,16.1,796.0,37.0,-2169.2003963404804
2016.0,30000.0,Second Owner,Individual,5.0,Petrol,Manual,18.9,1197.0,82.0,9176.920918926184
2013.0,58343.0,First Owner,Trustmark Dealer,5.0,Petrol,Manual,21.79,,,6968.778205349528
2008.0,40000.0,Second Owner,Individual,4.0,Petrol,Manual,16.1,796.0,37.0,3670.808449303154
2010.0,90000.0,Second Owner,Individual,5.0,Diesel,Manual,23.0,1396.0,90.0,6979.647767872061
2010.0,100000.0,Second Owner,Individual,10.0,Diesel,Manual,14.8,2499.0,80.0,10615.654953417728
2015.0,53000.0,First Owner,Individual,5.0,Diesel,Manual,24.0,1120.0,70.0,10482.099549092676
2017.0,32000.0,First Owner,Dealer,5.0,Petrol,Manual,14.0,99.0,35.0,9714.765974249987
2010.0,143000.0,First Owner,Individual,5.0,Petrol,Manual,17.5,1298.0,85.8,3779.3612324985625
2015.0,60000.0,First Owner,Individual,7.0,Petrol,Manual,20.62,1198.0,67.0,9607.277427108236
2018.0,90000.0,First Owner,Individual,5.0,Diesel,Manual,23.0,1498.0,98.96,11550.573180517782
2018.0,50000.0,Second Owner,Individual,5.0,Diesel,Manual,21.19,1396.0,88.73,12247.838572290486
2016.0,60000.0,First Owner,Individual,7.0,Diesel,Manual,15.4,2179.0,120.0,12454.00230867631
2017.0,30000.0,First Owner,Individual,5.0,Petrol,Manual,17.5,1199.0,88.7,9748.061441095044
2012.0,70000.0,Third Owner,Individual,5.0,Diesel,Manual,21.12,1248.0,1383.44,8433.394679380417
2018.0,20000.0,First Owner,Individual,9.0,Diesel,Manual,15.96,2523.0,63.0,15819.278136401957
2017.0,25000.0,First Owner,Individual,5.0,Petrol,Manual,20.14,1197.0,81.86,9835.38044704892
2016.0,26000.0,First Owner,Individual,5.0,Petrol,Manual,18.9,1197.0,82.0,9246.617872827144
2015.0,80000.0,First Owner,Individual,7.0,Diesel,Manual,15.96,2523.0,62.1,11535.857726823831
2016.0,86000.0,Third Owner,Individual,5.0,Diesel,Manual,26.0,1498.0,98.6,10477.606851088693
2015.0,90000.0,First Owner,Individual,5.0,Diesel,Manual,22.54,1396.0,88.73,9836.861051779286
2016.0,68089.0,First Owner,Trustmark Dealer,5.0,Petrol,Automatic,19.16,2494.0,157.7,23405.496857750783
2010.0,,Third Owner,Individual,5.0,Diesel,Manual,,1248.0,73.9,7502.840535959755
2013.0,58343.0,First Owner,Trustmark Dealer,5.0,Petrol,Manual,21.79,998.0,67.05,6969.242662375471
2012.0,120000.0,First Owner,Individual,7.0,Diesel,Manual,15.96,2523.0,62.1,9124.38020631263
2011.0,10000.0,Third Owner,Individual,4.0,Petrol,Manual,26.0,624.0,35.0,5907.846304579598
2010.0,100000.0,Third Owner,Individual,5.0,Petrol,Manual,20.92,998.0,67.1,4529.144293059984
2009.0,48000.0,Second Owner,Individual,5.0,Diesel,Manual,17.0,1405.0,71.0,7140.680979061734
2011.0,60000.0,Second Owner,Individual,5.0,Petrol,Manual,20.36,1197.0,78.9,5797.356861658604
2014.0,79000.0,Second Owner,Individual,5.0,Diesel,Manual,20.6,1968.0,12.39,9459.191717973094
2015.0,110000.0,First Owner,Individual,7.0,Diesel,Manual,14.1,2179.0,147.94,11010.648070007048
2015.0,100000.0,Second Owner,Individual,5.0,Diesel,Manual,27.62,793.0,47.0,9663.825503371378
2018.0,75000.0,First Owner,Individual,5.0,Diesel,Automatic,21.5,1498.0,108.5,26706.097870476464
2013.0,70000.0,First Owner,Individual,5.0,Petrol,Manual,18.5,1197.0,82.85,6765.6713766732155
2017.0,120000.0,First Owner,Individual,6.0,Diesel,Manual,25.32,1198.0,77.0,11219.133778149182
2017.0,100000.0,Second Owner,Individual,7.0,Diesel,Manual,18.49,1493.0,100.0,12328.945458871221
,74000.0,,Individual,5.0,Diesel,Manual,17.3,1998.0,163.7,10113.480726459411
2009.0,35000.0,First Owner,Individual,5.0,Petrol,Manual,17.0,1497.0,118.0,5088.9134732328985
2015.0,36710.0,Second Owner,Individual,5.0,Petrol,Manual,22.74,796.0,47.3,8489.673519771923
2017.0,34000.0,First Owner,Individual,5.0,Diesel,Automatic,22.0,12937.0,108.495,26849.152384921515
2018.0,20000.0,First Owner,Individual,5.0,Petrol,Automatic,18.9,1197.0,81.86,25388.27805778021
2013.0,120000.0,First Owner,Individual,9.0,Diesel,Manual,15.96,2523.0,62.1,11219.951201262567
,185000.0,,Individual,9.0,Diesel,Manual,12.7,2609.0,116.6,11228.72068839169
2015.0,70000.0,First Owner,Individual,5.0,Petrol,Manual,18.6,1197.0,81.83,7908.6220094052915
1998.0,70000.0,Second Owner,Individual,4.0,Petrol,Manual,16.1,796.0,1121.89,-2597.1367164068015
2010.0,135000.0,Second Owner,Individual,5.0,Diesel,Manual,23.0,1396.0,90.0,6195.557036486257
2010.0,110000.0,Third Owner,Individual,5.0,Diesel,Manual,21.1,1248.0,1599.52,6587.507508342361
2007.0,70000.0,Third Owner,Individual,5.0,Petrol,Manual,18.9,1061.0,67.0,3337.361237117214
2018.0,2000.0,First Owner,Dealer,5.0,Diesel,Automatic,16.8,1984.0,150.0,27976.867094450652
2013.0,118000.0,First Owner,Individual,5.0,Diesel,Manual,24.0,1120.0,70.0,8206.602913985964
2018.0,35000.0,First Owner,Individual,5.0,Diesel,Manual,24.3,1248.0,88.5,12509.208801045239
2015.0,20000.0,First Owner,Individual,5.0,Petrol,Manual,19.1,1197.0,82.0,8779.829016747968
2017.0,40000.0,First Owner,Individual,5.0,Diesel,Manual,28.4,1248.0,74.02,11851.166964274978
2019.0,14000.0,First Owner,Individual,7.0,Diesel,Manual,16.5,1493.0,70.0,14971.471265723703
2016.0,25000.0,Second Owner,Individual,7.0,Diesel,Manual,13.68,2393.0,147.8,13063.046676148992
2017.0,25538.0,First Owner,Trustmark Dealer,5.0,Petrol,Manual,16.78,,,9825.97005660712
2008.0,80000.0,Second Owner,Individual,4.0,Petrol,Manual,16.1,796.0,37.0,2973.838910293549
2013.0,100000.0,Third Owner,Individual,5.0,Diesel,Manual,20.54,1598.0,103.6,8519.267490720133
2016.0,50000.0,First Owner,Individual,7.0,Diesel,Manual,15.4,8689.0,120.0,12628.24469342871
2011.0,90000.0,First Owner,Individual,5.0,Diesel,Manual,23.59,1364.0,67.1,7551.894325406294
2018.0,32600.0,First Owner,Dealer,5.0,Diesel,Manual,24.3,1248.0,88.5,12551.026973385815
2015.0,125000.0,First Owner,Individual,8.0,Diesel,Manual,21.04,1461.0,1901.96,11460.55010888734
2013.0,110000.0,Third Owner,Individual,7.0,Diesel,Manual,20.77,1248.0,88.76,9869.438428119412
2015.0,70000.0,First Owner,Individual,7.0,Diesel,Manual,12.99,2494.0,100.6,11708.986687198974
2018.0,46000.0,First Owner,Individual,7.0,Diesel,Manual,15.1,2179.0,152.87,13839.664737763496
2007.0,100000.0,Second Owner,Individual,5.0,Diesel,Manual,16.6,1896.0,122.4,5089.955269224599
2014.0,60000.0,Second Owner,Individual,7.0,Diesel,Manual,15.1,2179.0,1808.37,11262.296450873131
2019.0,5000.0,First Owner,Individual,5.0,Petrol,Automatic,21.7,998.0,67.0,26221.90567472894
2011.0,120000.0,Second Owner,Individual,8.0,Diesel,Manual,14.0,2523.0,75.0,9314.914923747572
2015.0,91000.0,Third Owner,Individual,5.0,Diesel,Manual,24.4,1120.0,71.0,9819.949566919859
2019.0,100000.0,First Owner,Individual,5.0,Petrol,Manual,17.57,1193.0,88.7,9671.538442399218
2019.0,8500.0,First Owner,Dealer,5.0,Diesel,Automatic,16.78,1995.0,190.0,28434.2870267444
2013.0,100000.0,Second Owner,Individual,5.0,Petrol,Automatic,15.74,1591.0,1328.22,21101.364991138384
2005.0,85000.0,First Owner,Individual,5.0,Petrol,Manual,15.3,1341.0,83.0,1933.3663643082582
2014.0,56000.0,Second Owner,Individual,5.0,Diesel,Manual,25.1,10409.0,98.6,9857.45599990197
2019.0,7500.0,First Owner,Dealer,5.0,Diesel,Automatic,16.78,1995.0,190.0,28451.711265219645
2015.0,74000.0,First Owner,Individual,5.0,Diesel,Manual,19.67,1582.0,126.2,10114.565230722974
2013.0,140000.0,Second Owner,Individual,5.0,Diesel,Automatic,18.88,1995.0,184.0,22714.40978528418
2018.0,30000.0,First Owner,Individual,5.0,Petrol,Manual,24.7,796.0,47.3,10320.59814144238
2014.0,90000.0,Second Owner,Individual,5.0,Diesel,Manual,24.0,1120.0,70.0,9265.859006995483
2018.0,60000.0,First Owner,Individual,7.0,Diesel,Manual,16.5,1493.0,70.0,13598.122008932041
2018.0,120000.0,First Owner,Individual,5.0,Diesel,Manual,28.4,1248.0,74.02,11028.567293896132
2012.0,120000.0,First Owner,Individual,9.0,Diesel,Manual,12.05,2179.0,120.0,10646.689879394136
2018.0,29000.0,First Owner,Individual,7.0,Diesel,Manual,15.1,18348.0,152.87,14135.876791842578
2014.0,90000.0,Second Owner,Individual,7.0,Diesel,Manual,15.05,2179.0,147.9,10787.590277803089
2016.0,112000.0,First Owner,Individual,5.0,Diesel,Manual,22.54,1396.0,88.73,10024.86209225462
2019.0,20000.0,First Owner,Dealer,5.0,Petrol,Automatic,22.37,145.0,214.56,25956.274645623504
2016.0,110000.0,Second Owner,Individual,7.0,Diesel,Manual,18.2,1248.0,73.74,11584.128229373835
2015.0,40000.0,First Owner,Individual,5.0,Diesel,Manual,19.67,1582.0,126.2,10706.989338881138
2014.0,38000.0,First Owner,Individual,7.0,Diesel,Manual,13.93,2179.0,138.03,11693.936120037744
2013.0,80000.0,Second Owner,Individual,7.0,Diesel,Manual,15.1,2179.0,140.0,10390.683715750883
2016.0,70000.0,First Owner,Individual,5.0,Petrol,Manual,18.6,1197.0,81.83,8479.956296335908
2017.0,57000.0,First Owner,Individual,5.0,Petrol,Manual,17.8,1198.0,86.7,9277.66484249095
2018.0,30000.0,First Owner,Individual,7.0,Diesel,Manual,16.0,2179.0,140.0,14118.824755230593
2017.0,25000.0,First Owner,Individual,5.0,Petrol,Manual,23.01,999.0,67.0,9835.810199938427
2018.0,7800.0,First Owner,Individual,5.0,Petrol,Manual,20.3,1086.0,68.0,10706.817589239225
2016.0,80000.0,First Owner,Individual,5.0,CNG,Manual,30.716,1196.0,61.7,12860.142794798772
2013.0,100000.0,First Owner,Individual,5.0,Diesel,Manual,25.8,1498.0,98.6,8519.412091288606
2012.0,130000.0,Second Owner,Individual,5.0,Diesel,Manual,20.54,12481.0,103.6,7424.953489177438
2007.0,110000.0,Second Owner,Individual,5.0,Petrol,Manual,19.7,796.0,46.3,2640.9903444610954
2020.0,5500.0,First Owner,Dealer,5.0,Diesel,Manual,26.8,1597.0,118.0,14165.539266572052
2015.0,50000.0,First Owner,Individual,5.0,Petrol,Manual,21.1,814.0,55.2,8257.87692153779
2014.0,130000.0,Second Owner,Individual,5.0,Diesel,Manual,22.77,1498.0,98.59,8568.062641935338
2014.0,70100.0,First Owner,Dealer,5.0,Diesel,Manual,22.54,1396.0,88.73,9612.059678923253
2013.0,212000.0,First Owner,Individual,5.0,Diesel,Manual,21.64,1461.0,84.8,6568.296479630707
2016.0,140000.0,First Owner,Individual,8.0,Diesel,Manual,12.99,2494.0,100.6,11822.616354695008
2015.0,143000.0,First Owner,Individual,5.0,Diesel,Manual,25.83,1498.0,99.0,8913.079403023912
2014.0,67000.0,First Owner,Dealer,5.0,Diesel,Manual,28.4,1248.0,74.0,9666.500811471225
2016.0,100000.0,First Owner,Individual,5.0,Diesel,Manual,20.5,1248.0,91.72,10233.866482817553
2007.0,120000.0,Third Owner,Individual,5.0,Petrol,Manual,19.7,796.0,46.3,2466.747959708695
2019.0,3000.0,First Owner,Individual,5.0,Diesel,Manual,25.4,1186.0,73.97,13639.038928435528
2012.0,100000.0,First Owner,Individual,5.0,Diesel,Manual,20.54,1598.0,103.6,7947.680643434642
2006.0,178500.0,Third Owner,Individual,5.0,Petrol,Manual,17.7,1497.0,78.0,875.1891957918924
2018.0,22000.0,First Owner,Individual,5.0,Petrol,Manual,20.3,1199.0,1185.42,10427.077489445732
2016.0,22000.0,First Owner,Individual,4.0,Petrol,Automatic,21.9,624.0,37.48,23450.047287072313
2013.0,120000.0,First Owner,Individual,5.0,Diesel,Manual,23.08,12338.0,63.1,8171.953985819979
2015.0,135000.0,First Owner,Individual,5.0,Diesel,Manual,26.59,1248.0,74.0,9053.196313668208
2018.0,2000.0,First Owner,Dealer,5.0,Diesel,Automatic,16.8,1984.0,150.0,27976.867094450652
2011.0,120000.0,Second Owner,Individual,5.0,Petrol,Manual,16.25,1198.0,73.9,4752.047153712673
2015.0,70000.0,First Owner,Individual,5.0,Diesel,Manual,26.59,1248.0,74.0,10185.771814558815
2014.0,10300.0,First Owner,Individual,5.0,Petrol,Manual,22.74,796.0,47.3,8378.303939389703
2018.0,38817.0,First Owner,Dealer,5.0,Diesel,Manual,27.39,1248.0,74.0,12443.119824433825
2009.0,120000.0,Third Owner,Individual,5.0,Diesel,Manual,19.3,1248.0,73.9,5886.051940514731
2016.0,9656.0,First Owner,Individual,5.0,Petrol,Manual,25.17,799.0,53.3,9532.229633729516
2012.0,100000.0,Second Owner,Individual,5.0,Diesel,Manual,22.32,1582.0,126.32,7947.023578451492
2007.0,100000.0,Second Owner,Individual,5.0,Petrol,Manual,19.81,1086.0,68.05,2814.603716740631
2008.0,95200.0,Third Owner,Individual,5.0,Petrol,Manual,13.2,1495.0,94.0,3469.334112821507
2012.0,70000.0,First Owner,Individual,5.0,Petrol,Manual,18.9,998.0,67.1,6194.540021178422
2013.0,110000.0,First Owner,Individual,5.0,Diesel,Manual,19.4,1405.0,70.0,8345.996821787883
2017.0,29000.0,First Owner,Individual,6.0,Petrol,Manual,18.15,1198.0,82.0,10527.671518164265
2018.0,2000.0,First Owner,Dealer,5.0,Diesel,Automatic,16.8,9533.0,150.0,27976.867094450652
2016.0,133000.0,First Owner,Individual,5.0,Diesel,Manual,21.38,1396.0,88.7,9658.95395187799
,40000.0,,Individual,5.0,Diesel,Automatic,18.12,1995.0,190.0,25599.581246342124
2019.0,,First Owner,Trustmark Dealer,5.0,Petrol,Automatic,,1199.0,8.22,25265.272482873726
2015.0,25000.0,First Owner,Individual,5.0,Petrol,Manual,17.01,1591.0,121.4,8691.568371892185
2012.0,70000.0,First Owner,Individual,5.0,Diesel,Manual,20.0,1399.0,68.0,8471.437353739388
2014.0,83000.0,Second Owner,Individual,5.0,Diesel,Manual,22.54,1396.0,88.73,9387.287002592655
2004.0,120000.0,Third Owner,Individual,5.0,Petrol,Manual,18.9,998.0,67.1,752.1538019714808
2012.0,28000.0,Second Owner,Individual,4.0,Petrol,Manual,25.4,624.0,37.5,6165.221998671655
2011.0,120000.0,First Owner,Individual,5.0,Diesel,Manual,20.0,1399.0,68.0,7029.141143046765
2012.0,70000.0,Second Owner,Individual,5.0,Diesel,Manual,21.03,1461.0,65.0,8471.524114080472
2014.0,120000.0,First Owner,Individual,7.0,Diesel,Manual,15.96,2523.0,62.1,10267.344469300917
2007.0,50000.0,First Owner,Individual,5.0,Petrol,Manual,15.3,1193.0,65.3,3685.895170815297
2015.0,60000.0,First Owner,Individual,7.0,Diesel,Manual,15.96,47.0,62.1,11884.342496328634
2019.0,10000.0,First Owner,Individual,7.0,Diesel,Manual,17.3,1497.0,121.0,15039.693293826218
2019.0,4875.0,First Owner,Dealer,5.0,Petrol,Manual,21.63,,,11329.180790791988
2018.0,5000.0,First Owner,Individual,5.0,Petrol,Automatic,14.8,1591.0,121.3,25648.501025624682
2012.0,29500.0,First Owner,Individual,5.0,Petrol,Manual,20.92,998.0,67.1,6900.221679425646
2010.0,120000.0,Second Owner,Individual,5.0,Diesel,Manual,17.0,1405.0,71.0,6457.470095775063
2016.0,71000.0,First Owner,Individual,5.0,Diesel,Manual,27.39,182.0,74.0,10739.681863014192
2013.0,80000.0,First Owner,Individual,5.0,Diesel,Manual,22.07,1199.0,73.9,8868.611187601677
2015.0,20000.0,First Owner,Individual,5.0,Petrol,Manual,18.9,1197.0,1328.87,8743.769394585066
2011.0,110000.0,Second Owner,Individual,5.0,Petrol,Manual,17.92,1086.0,62.1,4926.630795806675
2015.0,39000.0,First Owner,Individual,7.0,Diesel,Manual,13.5,2477.0,175.56,12246.97022820884
2011.0,110000.0,Second Owner,Individual,5.0,Diesel,Manual,19.3,,,7202.946544881235
2015.0,100000.0,First Owner,Individual,7.0,Diesel,Manual,16.0,2179.0,140.0,11185.120080462188
2019.0,5000.0,First Owner,Individual,5.0,Petrol,Manual,17.0,130.0,121.3,11325.89830184057
2019.0,35000.0,First Owner,Individual,5.0,Petrol,Manual,23.01,999.0,1350.03,10767.636136282892
2017.0,110000.0,First Owner,Individual,5.0,Diesel,Manual,24.3,1248.0,88.5,10631.051507761867
2018.0,,First Owner,Individual,5.0,Diesel,Manual,,1248.0,74.02,12074.02160241054
2010.0,40000.0,Second Owner,Individual,5.0,Petrol,Manual,16.0,1368.0,90.0,5573.936330970775
2017.0,60000.0,First Owner,Individual,5.0,Diesel,Manual,28.4,1248.0,74.02,11502.682194770176
2015.0,67000.0,First Owner,Individual,5.0,Diesel,Manual,20.4,1248.0,91.7,10237.532643972134
2016.0,41000.0,First Owner,Individual,5.0,Petrol,Manual,25.17,799.0,53.3,8986.08430296159
2012.0,100000.0,First Owner,Individual,7.0,Diesel,Manual,15.1,12906.0,140.0,9470.612098960592
2017.0,40000.0,First Owner,Individual,5.0,Petrol,Manual,18.6,1197.0,81.83,9574.017737523729
2016.0,25000.0,First Owner,Individual,7.0,Diesel,Manual,16.0,2179.0,140.0,13063.272253035813
2013.0,116104.0,First Owner,Dealer,5.0,Diesel,Manual,25.8,1498.0,98.6,8238.81215488334
2018.0,25000.0,First Owner,Individual,5.0,Petrol,Automatic,24.04,999.0,1881.63,25249.107312379136
2007.0,99000.0,Second Owner,Individual,5.0,Diesel,Manual,19.2,1461.0,65.0,5109.039522225932
2013.0,69000.0,Third Owner,Individual,5.0,Diesel,Manual,22.32,1582.0,126.32,9058.761818469426
2012.0,80000.0,Second Owner,Individual,5.0,Diesel,Manual,22.32,1582.0,126.32,8295.508347956293
2015.0,,Second Owner,Individual,5.0,Diesel,Manual,,1248.0,88.7,10359.5890736399
2019.0,36800.0,First Owner,Dealer,5.0,Diesel,Manual,20.14,1498.0,1367.79,13012.682246471528
2017.0,17000.0,First Owner,Individual,5.0,Petrol,Automatic,9.5,3604.0,280.0,24863.48113423804
2015.0,60000.0,First Owner,Individual,5.0,Petrol,Manual,18.6,1197.0,81.83,8082.864394157692
2013.0,50000.0,First Owner,Individual,5.0,Petrol,Manual,15.64,1193.0,64.1,7114.698398309799
2019.0,60000.0,First Owner,Individual,5.0,Petrol,Manual,20.14,1197.0,81.86,10368.705794986496
2015.0,40000.0,First Owner,Individual,5.0,Petrol,Manual,23.95,998.0,67.05,8431.776602942908
2012.0,109322.0,Second Owner,Individual,5.0,Petrol,Manual,16.36,1495.0,93.7,5508.614840830743
2017.0,26000.0,First Owner,Individual,5.0,Petrol,Manual,23.84,1199.0,84.0,9817.894319530371
2010.0,65000.0,First Owner,Individual,5.0,Petrol,Manual,18.9,1061.0,67.0,5138.995531704757
2009.0,60000.0,Second Owner,Individual,5.0,Diesel,Manual,17.88,1396.0,52.8,6932.116463428103
2012.0,60000.0,First Owner,Individual,5.0,Diesel,Manual,20.0,1399.0,68.0,8645.679738491788
2019.0,32000.0,First Owner,Individual,5.0,Diesel,Manual,28.09,1248.0,88.5,13133.315803401576
2009.0,100000.0,Second Owner,Individual,5.0,Petrol,Manual,14.53,1798.0,138.1,3955.7566780570214
2011.0,60000.0,First Owner,Individual,5.0,Petrol,Manual,19.0,998.0,66.1,5797.727039113901
2015.0,60000.0,First Owner,Individual,5.0,Diesel,Manual,25.2,1248.0,74.0,10360.014199311216
2017.0,27000.0,First Owner,Individual,5.0,Petrol,Manual,23.95,196.0,67.05,9800.960276982261
2010.0,577414.0,Second Owner,Individual,5.0,Petrol,Manual,18.9,1061.0,67.0,-3789.4282023469277
2018.0,10000.0,First Owner,Dealer,5.0,Diesel,Automatic,22.48,1995.0,187.74,27836.38174155788
2017.0,30000.0,First Owner,Individual,6.0,Diesel,Manual,25.32,1198.0,77.0,12787.315240920792
2019.0,20000.0,First Owner,Individual,5.0,Diesel,Automatic,18.0,,,28236.999555232003
2011.0,148000.0,Second Owner,Individual,5.0,Diesel,Manual,21.12,1248.0,88.8,6540.6609273751865
2019.0,20000.0,First Owner,Dealer,5.0,Petrol,Automatic,22.37,2487.0,214.56,25956.274645623504
2016.0,50000.0,First Owner,Individual,7.0,Diesel,Manual,24.52,1248.0,88.5,12629.155677010105
2010.0,100000.0,First Owner,Individual,5.0,Petrol,Manual,19.7,796.0,46.3,4529.745831424841
2007.0,73257.0,First Owner,Individual,4.0,Petrol,Manual,16.1,796.0,37.0,2519.486021981984
2004.0,120000.0,First Owner,Individual,4.0,Petrol,Manual,16.1,796.0,37.0,-8.967776438523288
2011.0,215000.0,First Owner,Individual,5.0,Diesel,Manual,21.0,1461.0,64.1,5373.951276342366
2019.0,,First Owner,Individual,5.0,Diesel,Manual,,1248.0,74.02,12645.855889341157
,20000.0,,Dealer,5.0,Petrol,Automatic,22.37,2487.0,214.56,23670.43237719129
2012.0,50000.0,Second Owner,Individual,5.0,Petrol,Manual,19.7,796.0,46.3,6543.62632904808
2005.0,90000.0,First Owner,Individual,5.0,Petrol,Manual,17.3,993.0,60.0,1846.910334547043
2019.0,15000.0,First Owner,Individual,5.0,Petrol,Manual,20.3,1086.0,68.0,11153.197359148113
2011.0,120000.0,Second Owner,Individual,5.0,Diesel,Manual,20.0,1399.0,68.0,7029.141143046765
2014.0,100000.0,Second Owner,Individual,5.0,Diesel,Manual,25.8,1498.0,98.6,9090.789506991403
2012.0,80000.0,Second Owner,Individual,5.0,Diesel,Automatic,16.07,1995.0,181.0,23188.36400685418
2017.0,45000.0,First Owner,Dealer,5.0,Diesel,Automatic,19.33,1999.0,177.0,26655.504589305194
2014.0,120000.0,Second Owner,Individual,5.0,Diesel,Manual,19.1,15800.0,70.0,8743.13185273828
2011.0,70000.0,Second Owner,Individual,7.0,Diesel,Manual,13.6,2523.0,63.0,9424.481815041694
2017.0,21500.0,First Owner,Individual,5.0,Petrol,Automatic,19.34,1198.0,76.0,24790.97176429324
2018.0,120000.0,First Owner,Individual,5.0,Diesel,Manual,28.4,1248.0,74.02,11028.567293896132
2012.0,26000.0,First Owner,Individual,5.0,Petrol,Manual,19.4,1198.0,86.8,6960.636787849195
2008.0,,Second Owner,Individual,5.0,Petrol,Manual,,1197.0,78.9,4083.104000866754
2015.0,80000.0,Second Owner,Individual,5.0,Petrol,Manual,23.95,,,7734.34260690736
2016.0,94000.0,First Owner,Dealer,7.0,Diesel,Automatic,11.36,2755.0,171.5,26754.525825377583
2013.0,100000.0,First Owner,Individual,5.0,Petrol,Manual,15.0,1598.0,105.0,6242.303641897667
2015.0,72000.0,First Owner,Individual,5.0,Diesel,Manual,22.54,1396.0,88.73,10150.497344333608
2010.0,77000.0,First Owner,Individual,5.0,Petrol,Manual,18.9,,,4929.438766970249
2018.0,70000.0,First Owner,Individual,7.0,Diesel,Manual,16.5,1493.0,70.0,13423.879624179639
2013.0,60000.0,Fourth & Above Owner,Individual,5.0,Petrol,Manual,18.6,1197.0,85.8,6939.828447090216
2013.0,189000.0,First Owner,Individual,5.0,Diesel,Manual,21.02,16125.0,88.76,6968.939440910997
2017.0,9000.0,First Owner,Dealer,5.0,Diesel,Automatic,13.6,1999.0,177.0,27282.777174413837
2017.0,32000.0,Second Owner,Individual,6.0,Petrol,Manual,18.15,1198.0,82.0,10475.398802738544
2013.0,25000.0,First Owner,Individual,5.0,Petrol,Manual,18.2,1199.0,84.8,7549.705713837315
2014.0,110000.0,Second Owner,Individual,5.0,Diesel,Manual,13.49,2179.0,138.03,8915.406802156009
2010.0,60000.0,Second Owner,Individual,5.0,Petrol,Manual,18.0,995.0,62.0,5226.261324649433
2019.0,20000.0,First Owner,Individual,5.0,Petrol,Manual,19.5,1199.0,88.76,11065.475785211605
2017.0,9000.0,First Owner,Dealer,5.0,Diesel,Automatic,13.6,1999.0,177.0,27282.777174413837
2018.0,2000.0,First Owner,Dealer,5.0,Diesel,Automatic,16.8,1984.0,150.0,27976.867094450652
2016.0,50000.0,First Owner,Individual,5.0,Petrol,Manual,18.9,1197.0,82.0,8828.436149421383
2011.0,106000.0,Second Owner,Individual,5.0,Diesel,Automatic,16.96,1968.0,138.1,22165.490192444835
2013.0,65000.0,First Owner,Dealer,7.0,Diesel,Manual,20.77,1248.0,88.76,10653.529159505217
2011.0,70000.0,First Owner,Individual,5.0,Petrol,Manual,16.36,1495.0,93.7,5622.686459223517
2007.0,90000.0,Fourth & Above Owner,Individual,5.0,Diesel,Manual,16.8,1493.0,110.0,5264.5562633868185
2017.0,41000.0,First Owner,Dealer,5.0,Petrol,Automatic,18.0,1497.0,117.6,24449.996037296347
2013.0,85000.0,First Owner,Individual,5.0,Diesel,Manual,22.9,1248.0,74.0,8781.487103214105
2013.0,80000.0,First Owner,Individual,5.0,Diesel,Manual,22.1,1248.0,76.9,8868.52442726059
2016.0,60000.0,First Owner,Individual,5.0,Petrol,Manual,15.37,1196.0,73.0,8654.454045692237
2011.0,98000.0,First Owner,Individual,5.0,Petrol,Manual,18.5,1197.0,80.0,5135.203987474416
2016.0,40000.0,Second Owner,Individual,5.0,Petrol,Manual,16.2,1199.0,74.0,9002.909895083343
2009.0,55768.0,First Owner,Individual,5.0,Diesel,Manual,17.0,1405.0,71.0,7005.329494586069
2011.0,80000.0,First Owner,Individual,5.0,Petrol,Manual,18.0,995.0,62.0,5449.360842075248
2015.0,100000.0,Second Owner,Individual,5.0,Petrol,Manual,19.81,1086.0,68.05,7386.293374314805
2019.0,5621.0,First Owner,Trustmark Dealer,5.0,Petrol,Automatic,22.0,1197.0,81.8,26210.65720495313
2017.0,60000.0,First Owner,Individual,5.0,Diesel,Manual,21.19,1396.0,88.73,11502.256779897723
2005.0,90000.0,Second Owner,Individual,5.0,Petrol,Manual,12.8,1396.0,85.0,1846.1873317046684
2013.0,110000.0,Second Owner,Individual,5.0,Diesel,Manual,21.27,1396.0,1.27,8347.984501202141
2007.0,60000.0,Second Owner,Individual,4.0,Petrol,Manual,16.1,796.0,37.0,2750.479151448242
2017.0,31000.0,First Owner,Dealer,5.0,Diesel,Automatic,21.66,1498.0,103.52,26901.568977912866
,70000.0,,Individual,7.0,Diesel,Manual,18.49,15132.0,100.0,11709.004039267193
2013.0,95000.0,First Owner,Individual,5.0,Diesel,Manual,20.46,1461.0,83.8,8606.961301347494
2018.0,35000.0,First Owner,Individual,5.0,Petrol,Automatic,20.51,998.0,67.0,25127.344233541116
2018.0,35000.0,First Owner,Individual,6.0,Diesel,Manual,16.55,2498.0,105.0,13270.723693001495
2010.0,170000.0,Second Owner,Individual,5.0,Diesel,Manual,17.8,1399.0,68.0,5586.344932354143
2019.0,8500.0,First Owner,Dealer,5.0,Diesel,Automatic,16.78,1995.0,190.0,28434.2870267444
2016.0,30000.0,First Owner,Dealer,5.0,Diesel,Automatic,15.73,1968.0,174.33,26345.611096206747
2012.0,75000.0,First Owner,Individual,5.0,Diesel,Manual,25.44,936.0,57.6,8384.616930545615
2018.0,20000.0,First Owner,Dealer,5.0,Diesel,Manual,17.0,2596.0,1943.63,12716.921807654808
2017.0,56290.0,First Owner,Dealer,5.0,Diesel,Manual,24.0,1186.0,73.97,11567.327565519001
2005.0,110000.0,First Owner,Individual,5.0,Petrol,Manual,18.9,8855.0,67.1,1498.2202322350058
2017.0,56290.0,First Owner,Dealer,5.0,Diesel,Manual,24.0,1186.0,73.97,11567.327565519001
2011.0,185000.0,Second Owner,Individual,5.0,Diesel,Manual,21.43,1364.0,87.2,5896.010375973215
2012.0,80000.0,First Owner,Individual,5.0,Petrol,Manual,18.9,12166.0,,6019.834625405763
2018.0,7000.0,First Owner,Dealer,5.0,Petrol,Manual,20.3,1086.0,68.0,10720.756980019416
,65000.0,,Individual,5.0,Diesel,Manual,20.54,1598.0,103.6,10272.036971569643
2019.0,7500.0,First Owner,Dealer,5.0,Diesel,Automatic,16.78,1995.0,190.0,28451.711265219645
,35000.0,,Individual,7.0,Diesel,Manual,13.68,2393.0,147.8,12317.470004465973
2015.0,28000.0,First Owner,Dealer,5.0,Petrol,Manual,20.52,1197.0,81.8,8640.440892968785
2010.0,80000.0,First Owner,Individual,5.0,Diesel,Manual,17.8,1248.0,75.0,7154.323954329888
2015.0,30000.0,First Owner,Individual,5.0,Petrol,Automatic,15.63,1499.0,110.4,23499.202311481356
2017.0,44000.0,First Owner,Dealer,5.0,Diesel,Manual,23.65,,,11781.20712654053
2013.0,80000.0,Fourth & Above Owner,Individual,5.0,Diesel,Manual,23.4,1248.0,74.0,8868.608295590308
2015.0,22000.0,First Owner,Individual,5.0,Petrol,Manual,17.4,1497.0,117.3,8743.959659784054
2013.0,120000.0,First Owner,Individual,5.0,Diesel,Manual,22.9,1248.0,74.0,8171.638756580703
2010.0,60000.0,First Owner,Individual,5.0,Petrol,Manual,20.36,1197.0,78.9,5225.772574727987
2012.0,180000.0,First Owner,Individual,5.0,Diesel,Manual,18.4,1248.0,75.0,6554.568680667111
2011.0,72000.0,Second Owner,Individual,5.0,Diesel,Manual,20.54,1598.0,103.6,7864.475033810748
2010.0,80000.0,First Owner,Individual,5.0,Petrol,Manual,20.92,998.0,67.1,4877.629062564786
,31000.0,,Individual,5.0,Petrol,Manual,21.1,814.0,55.2,8588.937452567354
2014.0,40000.0,First Owner,Individual,5.0,Petrol,Manual,21.1,814.0,55.2,7860.5755877768825
2019.0,25000.0,First Owner,Individual,5.0,Diesel,Manual,21.66,1498.0,108.62,13254.703600040712
2011.0,100000.0,Second Owner,Individual,5.0,Diesel,Manual,22.32,1582.0,126.32,7375.939291520874
2016.0,11000.0,First Owner,Dealer,5.0,Petrol,Automatic,14.3,1598.0,103.5,24401.796678226034
2018.0,2000.0,First Owner,Dealer,5.0,Diesel,Automatic,16.8,1984.0,150.0,27976.867094450652
2015.0,80000.0,First Owner,Individual,5.0,Petrol,Manual,22.74,796.0,47.3,7735.378236178779
2015.0,15000.0,First Owner,Individual,5.0,Petrol,Manual,18.9,1197.0,82.0,8866.950209124168
2016.0,10000.0,First Owner,Individual,5.0,Petrol,Manual,18.9,1197.0,82.0,9525.405688430987
2015.0,30000.0,First Owner,Individual,5.0,Petrol,Manual,20.85,1197.0,83.14,8605.553663065955
2013.0,120000.0,First Owner,Individual,5.0,Diesel,Manual,23.59,1364.0,67.06,8171.839462169746
2013.0,24019.0,First Owner,Individual,5.0,Diesel,Manual,22.9,1248.0,74.0,9844.034589672723
2008.0,100000.0,First Owner,Individual,5.0,Diesel,Manual,19.61,174.0,70.0,5663.315211532327
2009.0,40000.0,First Owner,Individual,5.0,Petrol,Manual,19.7,796.0,46.3,5003.86585300863
2019.0,5000.0,First Owner,Individual,7.0,Diesel,Manual,17.3,1497.0,121.0,15126.814486202418
2014.0,175000.0,First Owner,Individual,5.0,Diesel,Manual,19.01,1461.0,108.45,7783.6867582284995
2017.0,40000.0,Second Owner,Individual,7.0,Diesel,Manual,18.2,1248.0,73.74,13375.15920957126
2012.0,135000.0,First Owner,Individual,7.0,Diesel,Manual,13.93,2179.0,138.03,8860.820724951165
2017.0,45000.0,First Owner,Dealer,5.0,Diesel,Automatic,19.33,1999.0,177.0,26655.504589305194
2015.0,160000.0,First Owner,Individual,5.0,Diesel,Manual,25.1,1498.0,98.6,8616.878916990308
2015.0,10000.0,First Owner,Individual,5.0,Petrol,Manual,18.16,1197.0,78.8,8954.163945864193
2016.0,68609.0,First Owner,Dealer,5.0,Diesel,Manual,22.7,1498.0,89.84,10780.885122607562
2006.0,120000.0,Second Owner,Individual,4.0,Petrol,Manual,16.1,796.0,37.0,1133.7007974227108
2010.0,94000.0,Second Owner,Individual,5.0,Diesel,Manual,21.1,1248.0,75.0,6910.384615676526
2010.0,120000.0,Second Owner,Individual,8.0,Diesel,Manual,14.0,2489.0,95.0,8742.752234543053
2014.0,33400.0,First Owner,Individual,5.0,Petrol,Manual,17.43,1396.0,105.5,7974.120879994607
2017.0,90000.0,First Owner,Individual,5.0,Petrol,Manual,15.37,1196.0,73.0,8703.06117836565
2017.0,50000.0,First Owner,Individual,7.0,Diesel,Automatic,15.04,2755.0,174.5,28092.439844877677
2019.0,3000.0,First Owner,Individual,5.0,Petrol,Manual,20.89,1197.0,81.8,11361.889123282004
2014.0,50000.0,First Owner,Individual,7.0,Diesel,Manual,15.1,2179.0,140.0,11484.788285710883
2015.0,43000.0,First Owner,Dealer,5.0,Petrol,Manual,18.7,1199.0,88.7,8378.877767055688
2009.0,28900.0,Second Owner,Individual,5.0,Petrol,Manual,0.0,1172.0,65.0,5196.734093957699
2016.0,56494.0,First Owner,Trustmark Dealer,5.0,Petrol,Manual,18.2,1199.0,88.7,8715.089380001416
2016.0,68089.0,First Owner,Trustmark Dealer,5.0,Petrol,Automatic,19.16,2494.0,157.7,23405.496857750783
2013.0,110000.0,Second Owner,Individual,8.0,Diesel,Manual,12.05,2179.0,120.0,10630.527037599804
2016.0,80000.0,First Owner,Dealer,5.0,Diesel,Manual,27.39,1248.0,74.0,10582.86371673703
2019.0,35000.0,First Owner,Individual,5.0,Petrol,Manual,18.6,1197.0,81.86,10804.311756867499
2015.0,70000.0,First Owner,Individual,7.0,Diesel,Manual,15.4,2179.0,120.0,11708.425636993292
2011.0,54000.0,Second Owner,Individual,5.0,Diesel,Manual,18.4,1248.0,75.0,8178.938441616748
2016.0,45629.0,First Owner,Trustmark Dealer,5.0,Petrol,Automatic,18.9,1197.0,81.86,23799.038555327304
2012.0,83000.0,First Owner,Individual,5.0,Petrol,Automatic,15.74,1591.0,121.3,20860.894461552758
2015.0,60000.0,First Owner,Individual,5.0,Diesel,Manual,25.1,12837.0,98.6,10359.30276451432
2019.0,5000.0,First Owner,Individual,5.0,Petrol,Manual,21.4,1197.0,83.1,11327.00305018372
2014.0,,First Owner,Dealer,5.0,Diesel,Manual,,1399.0,67.0,9788.67292159377
2019.0,,First Owner,Trustmark Dealer,5.0,Petrol,Manual,,1498.0,104.55,10368.049597606756
2018.0,25000.0,First Owner,Individual,5.0,Petrol,Manual,23.84,1199.0,84.0,10406.657965645974
1999.0,100000.0,Third Owner,Individual,5.0,Diesel,Manual,14.8,1998.0,68.0,520.3337451256884
2007.0,120000.0,Third Owner,Individual,5.0,Diesel,Manual,17.88,1396.0,52.8,4743.48333963297
2017.0,25538.0,First Owner,Trustmark Dealer,5.0,Petrol,Manual,16.78,1496.0,88.73,9825.807525568154
2017.0,60000.0,First Owner,Individual,7.0,Diesel,Manual,18.49,1493.0,100.0,13025.914997880827
2011.0,85700.0,Second Owner,Individual,5.0,Diesel,Manual,17.0,1405.0,70.0,7626.734682520111
2017.0,40000.0,First Owner,Individual,5.0,Petrol,Manual,19.49,17798.0,67.04,9574.445466005278
2019.0,20000.0,First Owner,Individual,5.0,Diesel,Automatic,18.0,1969.0,190.0,28233.908284279147
2017.0,75000.0,First Owner,Individual,5.0,Diesel,Manual,26.59,1248.0,74.0,11241.319196043849
2012.0,129627.0,First Owner,Dealer,7.0,Diesel,Manual,11.5,2982.0,171.0,8953.487662130106
2018.0,10000.0,First Owner,Individual,5.0,Petrol,Manual,17.0,1591.0,121.3,10666.942822533752
2017.0,80000.0,First Owner,Individual,5.0,Diesel,Manual,24.3,1248.0,88.5,11153.77866201907
2015.0,60000.0,First Owner,Individual,5.0,Petrol,Manual,23.1,998.0,67.04,8083.292122639241
2017.0,49000.0,First Owner,Individual,5.0,Diesel,Manual,28.4,1248.0,74.0,11694.349396400092
2017.0,25538.0,First Owner,Trustmark Dealer,5.0,Petrol,Manual,16.78,1496.0,88.73,9825.807525568154
2019.0,40000.0,First Owner,Individual,8.0,Diesel,Manual,17.3,1497.0,1815.73,15229.946429118885
2014.0,50074.0,First Owner,Individual,5.0,Diesel,Manual,24.0,1120.0,70.0,9961.539152357918
2014.0,50000.0,First Owner,Individual,5.0,Diesel,Manual,23.59,1364.0,67.06,9962.91357113935
2014.0,80000.0,Second Owner,Individual,7.0,Diesel,Manual,18.2,1248.0,73.8,10963.97564298029
2017.0,15000.0,First Owner,Individual,5.0,Petrol,Manual,17.19,1197.0,81.86,10009.62283180132
2019.0,20000.0,First Owner,Individual,5.0,Diesel,Automatic,18.0,1969.0,190.0,28233.908284279147
2010.0,58000.0,First Owner,Individual,5.0,Petrol,Manual,19.7,796.0,46.3,5261.563847384925
2008.0,100000.0,Third Owner,Individual,5.0,Petrol,Manual,18.0,995.0,62.0,3386.6232117785958
2019.0,5621.0,First Owner,Trustmark Dealer,5.0,Petrol,Automatic,22.0,1197.0,81.8,26210.65720495313
2017.0,42000.0,First Owner,Individual,5.0,Petrol,Manual,24.7,796.0,47.3,9540.167872099137
2014.0,70000.0,Second Owner,Individual,5.0,Petrol,Manual,18.6,1197.0,81.83,7337.078290891981
2019.0,15000.0,First Owner,Individual,5.0,Petrol,Automatic,22.0,1197.0,81.8,26047.235272293852
2009.0,90000.0,Fourth & Above Owner,Individual,5.0,Petrol,Manual,17.92,1086.0,62.1,4132.196991450243
2012.0,70000.0,Second Owner,Individual,5.0,Diesel,Manual,20.0,1399.0,68.0,8471.437353739388
2010.0,100000.0,First Owner,Individual,5.0,Diesel,Manual,15.0,1896.0,105.0,6804.9715814142355
2017.0,55000.0,First Owner,Individual,7.0,Diesel,Manual,24.52,1248.0,88.5,13113.368771564521
2017.0,29000.0,First Owner,Individual,5.0,Diesel,Manual,22.0,1498.0,108.495,12041.836566582984
2018.0,13534.0,First Owner,Dealer,5.0,Petrol,Manual,14.28,1798.0,138.03,10604.881730260136
2017.0,45000.0,First Owner,Dealer,5.0,Diesel,Automatic,19.33,1999.0,177.0,26655.504589305194
2019.0,5000.0,First Owner,Individual,5.0,Petrol,Manual,17.19,1197.0,81.86,11327.038911124702
2016.0,50000.0,First Owner,Individual,5.0,Petrol,Manual,22.74,796.0,47.3,8829.4396773666
,160000.0,,Individual,7.0,Diesel,Manual,13.5,2477.0,178.0,10138.56680762737
2016.0,20000.0,First Owner,Individual,5.0,Petrol,Manual,20.51,998.0,67.04,9351.595948579463
2013.0,60000.0,First Owner,Individual,5.0,Diesel,Manual,21.27,1396.0,1997.27,9161.471878028899
2015.0,84000.0,First Owner,Individual,5.0,Diesel,Manual,28.09,1248.0,88.5,9941.413134256876
2011.0,50000.0,First Owner,Individual,5.0,Diesel,Manual,23.0,1396.0,90.0,8248.201593812282
2017.0,40000.0,First Owner,Individual,5.0,Petrol,Manual,20.3,1199.0,84.0,9573.95498087701
2012.0,250000.0,First Owner,Individual,7.0,Diesel,Manual,12.99,2494.0,100.0,6858.133132222376
2010.0,80000.0,Second Owner,Individual,5.0,LPG,Manual,18.83,1086.0,62.1,11708.543745123136
2016.0,39000.0,First Owner,Dealer,5.0,Diesel,Manual,21.38,1396.0,1441.54,11257.708081939396
2018.0,30000.0,First Owner,Individual,5.0,Petrol,Manual,24.7,,,10319.562512170962
2018.0,7800.0,First Owner,Individual,5.0,Petrol,Automatic,22.0,1197.0,81.8,25600.855502384962
2008.0,110000.0,Third Owner,Individual,5.0,Petrol,Manual,15.6,1586.0,104.68,3211.146516573691
2011.0,80000.0,First Owner,Individual,7.0,Diesel,Manual,13.93,2179.0,138.0,9248.070421762166
2015.0,95000.0,First Owner,Individual,5.0,Diesel,Manual,27.62,793.0,47.0,9750.946695747578
2004.0,110000.0,First Owner,Individual,5.0,Petrol,Manual,18.9,998.0,67.1,926.3961867238813
2014.0,77215.0,Second Owner,Individual,5.0,Diesel,Manual,25.2,1248.0,74.0,9488.512215446646
2010.0,216000.0,First Owner,Individual,8.0,Diesel,Manual,12.8,2494.0,6.45,7072.586216987697
2015.0,72000.0,First Owner,Dealer,5.0,Diesel,Automatic,17.01,1582.0,126.2,25043.850718388185
2016.0,10500.0,First Owner,Individual,5.0,Petrol,Manual,18.16,1196.0,86.8,9516.554752647631
2017.0,45000.0,First Owner,Dealer,5.0,Diesel,Automatic,19.33,1999.0,177.0,26655.504589305194
,120000.0,,Individual,5.0,Diesel,Manual,19.87,10402.0,83.8,9314.276473682597
2019.0,20000.0,First Owner,Individual,5.0,Petrol,Automatic,17.0,1591.0,121.3,25958.971735426698
2010.0,80000.0,First Owner,Individual,8.0,Petrol,Manual,11.96,1298.0,80.0,7163.232214594791
2013.0,100000.0,Second Owner,Individual,8.0,Diesel,Manual,14.0,2498.0,112.0,10805.000783261765
2015.0,133000.0,Second Owner,Individual,7.0,Diesel,Manual,15.4,2179.0,120.0,10610.698613053164
2013.0,79328.0,Second Owner,Trustmark Dealer,7.0,Diesel,Manual,12.99,2494.0,100.6,10403.532256485829
2006.0,90000.0,First Owner,Individual,8.0,Diesel,Manual,12.7,2609.0,116.6,6979.0175666219775
2017.0,30000.0,First Owner,Individual,5.0,Petrol,Manual,23.95,998.0,67.05,9748.68756155654
2014.0,76131.0,First Owner,Individual,5.0,Diesel,Automatic,13.22,,,24401.573638432776
2010.0,120000.0,First Owner,Individual,5.0,Petrol,Manual,20.36,1197.0,7.25,4182.390392359828
2016.0,76000.0,First Owner,Individual,5.0,Diesel,Manual,26.59,1248.0,74.0,10652.560670637991
2009.0,52000.0,Second Owner,Individual,5.0,Petrol,Manual,18.9,1061.0,67.0,4794.176344952262
2015.0,50000.0,First Owner,Individual,5.0,Petrol,Manual,17.57,13522.0,88.7,8256.908097729009
2013.0,70000.0,Second Owner,Individual,5.0,Diesel,Manual,20.0,1399.0,68.1,9043.021309013508
2013.0,110000.0,Third Owner,Individual,5.0,Diesel,Manual,22.9,1248.0,74.0,8345.881141333104
2015.0,30000.0,First Owner,Individual,5.0,Petrol,Manual,18.9,1197.0,82.0,8605.586631995568
2017.0,90000.0,Second Owner,Individual,7.0,Diesel,Manual,15.96,2523.0,62.1,12504.283915932665
2019.0,15000.0,First Owner,Individual,5.0,Diesel,Manual,25.1,1248.0,88.5,13429.527857480658
2015.0,60000.0,First Owner,Individual,4.0,Petrol,Manual,25.4,624.0,37.48,7322.154927367843
2008.0,80000.0,Second Owner,Individual,5.0,LPG,Manual,24.22,1061.0,57.5,10566.008203784899
2015.0,35000.0,First Owner,Individual,5.0,Diesel,Manual,20.45,1461.0,83.8,10795.336744078008
2016.0,40000.0,First Owner,Individual,6.0,Petrol,Manual,18.15,1198.0,82.0,9764.670608006007
2011.0,200000.0,Second Owner,Individual,7.0,Diesel,Manual,13.6,2523.0,63.0,7159.33081326048
2018.0,25000.0,First Owner,Individual,5.0,Petrol,Manual,18.6,1197.0,1259.1,10372.673940042963
2017.0,60000.0,First Owner,Individual,5.0,Petrol,Manual,25.17,,,9225.495950273396
,120000.0,,Individual,7.0,Diesel,Manual,24.52,1248.0,88.5,10838.12469681268
2015.0,63063.0,First Owner,Dealer,5.0,Petrol,Automatic,18.9,1197.0,82.0,22923.926046003435
2019.0,14317.0,First Owner,Dealer,5.0,Petrol,Manual,14.23,1498.0,104.55,11164.041083871149
2012.0,120000.0,Second Owner,Individual,9.0,Diesel,Manual,12.05,2179.0,120.0,10646.689879394136
2014.0,60000.0,First Owner,Individual,5.0,Petrol,Manual,19.1,,,7511.283657898852
2012.0,110000.0,First Owner,Individual,5.0,Diesel,Manual,25.44,936.0,57.6,7774.768583912211
2019.0,21000.0,First Owner,Dealer,7.0,Diesel,Automatic,12.83,1999.0,148.31,29741.673873008294
2014.0,72000.0,First Owner,Individual,5.0,Petrol,Manual,19.1,1197.0,85.8,7302.115001090131
2009.0,113000.0,First Owner,Individual,5.0,Petrol,Manual,15.3,1193.0,65.3,3731.346962155897
2019.0,8500.0,First Owner,Dealer,5.0,Diesel,Automatic,16.78,1995.0,1959.67,28383.107969141747
2014.0,50000.0,First Owner,Individual,5.0,Diesel,Manual,22.54,1396.0,88.73,9962.28687227558
2008.0,110000.0,Third Owner,Individual,7.0,Diesel,Manual,14.4,2179.0,120.0,7011.610968759622
2008.0,,First Owner,Individual,5.0,Petrol,Manual,,1086.0,68.05,4083.4177841003448
,60000.0,,Individual,5.0,Diesel,Manual,27.39,1248.0,74.0,10360.014199311216
2008.0,110000.0,Second Owner,Individual,5.0,Diesel,Manual,17.2,1396.0,53.5,5489.550008655893
2019.0,15000.0,First Owner,Individual,7.0,Diesel,Manual,17.6,2179.0,147.94,14951.792993587072
2013.0,39000.0,First Owner,Dealer,5.0,Petrol,Automatic,14.28,1798.0,138.03,22198.6639682467
2012.0,98000.0,Fourth & Above Owner,Individual,7.0,Diesel,Manual,20.77,1248.0,88.8,9506.941285732255
2008.0,175802.0,Third Owner,Individual,5.0,Diesel,Manual,19.3,1248.0,73.9,4342.410298188765
2012.0,120000.0,Second Owner,Individual,7.0,Diesel,Manual,12.8,2494.0,102.0,9123.226293776199
2011.0,121941.0,First Owner,Dealer,8.0,Diesel,Manual,12.8,2494.0,102.0,9280.313633797365
2010.0,100000.0,Second Owner,Individual,5.0,Petrol,Manual,16.0,1368.0,90.0,4528.482022456368
2015.0,115000.0,Second Owner,Individual,5.0,Diesel,Manual,26.59,1248.0,74.0,9401.68108317301
2016.0,68089.0,First Owner,Trustmark Dealer,5.0,Petrol,Automatic,19.16,2494.0,157.7,23405.496857750783
2011.0,100000.0,Second Owner,Individual,5.0,Diesel,Manual,23.0,1396.0,90.0,7376.989670050278
2017.0,82000.0,First Owner,Individual,5.0,Diesel,Manual,24.8,1396.0,88.7,11118.924401045851
2017.0,8000.0,First Owner,Dealer,5.0,Petrol,Automatic,16.6,,,25025.99336170061
2004.0,120000.0,Second Owner,Individual,5.0,Petrol,Manual,13.2,1495.0,94.0,751.3758509130839
2015.0,70000.0,First Owner,Individual,5.0,Diesel,Manual,26.0,1498.0,98.6,10185.060379761917
2017.0,35000.0,First Owner,Individual,5.0,Diesel,Manual,24.29,1498.0,99.0,11937.565732211078
2013.0,70000.0,First Owner,Individual,5.0,Diesel,Manual,25.0,1396.0,69.0,9042.995280911182
2017.0,70000.0,First Owner,Individual,5.0,Diesel,Manual,26.59,1248.0,74.0,11328.44038842005
2004.0,100000.0,Fourth & Above Owner,Individual,7.0,Diesel,Manual,10.5,2179.0,120.0,4900.016205789555
2015.0,80000.0,First Owner,Individual,5.0,Petrol,Manual,17.4,1497.0,117.3,7733.353828220128
2017.0,120000.0,First Owner,Individual,7.0,Diesel,Manual,24.52,1248.0,88.5,11980.793270673912
2016.0,30000.0,First Owner,Dealer,5.0,Diesel,Automatic,22.69,1995.0,190.0,26345.157918025143
2019.0,11500.0,Test Drive Car,Dealer,5.0,Petrol,Automatic,15.26,1798.0,187.74,26105.156310112343
2011.0,,First Owner,Individual,5.0,Petrol,Manual,,1197.0,78.9,5797.356861658604
2019.0,20000.0,First Owner,Individual,5.0,Petrol,Automatic,21.4,1197.0,83.1,25960.076483769848
2015.0,120000.0,First Owner,Individual,7.0,Diesel,Manual,24.2,1498.0,98.6,10837.83260366436
2014.0,70000.0,Second Owner,Individual,5.0,CNG,Manual,30.716,1196.0,61.7,11891.507174107244
2016.0,60000.0,Second Owner,Individual,5.0,Diesel,Manual,17.88,1405.0,48.21,10932.094335974027
2009.0,201850.0,Second Owner,Individual,5.0,Diesel,Manual,17.88,1396.0,52.8,4460.488235715293
,100000.0,,Individual,4.0,Petrol,Manual,16.1,796.0,37.0,6625.199270012812
2018.0,25000.0,First Owner,Individual,5.0,Petrol,Manual,20.73,1373.0,91.1,10406.45263283874
,7000.0,,Individual,5.0,Petrol,Manual,19.4,1194.0,94.93,9005.970179856013
2012.0,70000.0,Second Owner,Individual,5.0,Diesel,Manual,23.2,1248.0,1783.87,8421.814198253524
2009.0,90000.0,First Owner,Individual,5.0,Petrol,Manual,19.7,796.0,46.3,4132.653929246625
2017.0,18890.0,First Owner,Dealer,7.0,Diesel,Automatic,11.36,2755.0,171.5,28634.59466418348
2017.0,25000.0,First Owner,Individual,5.0,Petrol,Manual,21.63,998.0,67.0,9835.810199938427
,,,Individual,7.0,Diesel,Manual,,1493.0,70.0,11884.114027430443
,56000.0,,Individual,5.0,Petrol,Manual,20.36,1197.0,78.9,8152.646083991779
2012.0,100000.0,Second Owner,Individual,5.0,Diesel,Manual,20.54,1598.0,103.6,7947.680643434642
2011.0,15000.0,First Owner,Individual,5.0,Petrol,Manual,17.5,14707.0,85.8,6581.2480442599135
2012.0,120000.0,First Owner,Individual,8.0,Diesel,Manual,12.05,2179.0,120.0,9884.697805561913
,71717.0,,Individual,5.0,Petrol,Automatic,19.34,1198.0,76.0,22773.310206920876
2015.0,60000.0,Second Owner,Individual,5.0,Petrol,Manual,21.1,814.0,55.2,8083.63453678539
2014.0,117000.0,Third Owner,Individual,7.0,Diesel,Manual,15.1,2179.0,140.0,10317.364307869795
2006.0,,Second Owner,Individual,8.0,Diesel,Manual,,2494.0,102.0,7502.166954539129
2016.0,44000.0,First Owner,Individual,5.0,Petrol,Manual,25.17,799.0,53.3,8933.81158753587
2018.0,47000.0,Second Owner,Dealer,7.0,Petrol,Manual,16.02,1373.0,93.7,11547.028341752299
2014.0,88000.0,Second Owner,Individual,7.0,Diesel,Manual,12.99,2494.0,100.6,10823.806676131342
2018.0,50000.0,First Owner,Individual,5.0,Diesel,Manual,28.4,1248.0,74.02,12248.26398716294
2009.0,151000.0,Second Owner,Individual,5.0,Diesel,Manual,17.8,1248.0,75.0,5345.868735657224
2014.0,,First Owner,Individual,5.0,Diesel,Manual,,1498.0,98.6,9787.759046001009
2014.0,113226.0,First Owner,Dealer,5.0,Diesel,Manual,19.68,1399.0,67.0,8861.25040451064
2016.0,50000.0,Second Owner,Individual,5.0,CNG,Manual,37.24,998.0,58.16,13382.972326258456
2014.0,25000.0,First Owner,Individual,5.0,Petrol,Manual,18.5,190.0,85.8,8121.0542094264165
2016.0,68609.0,First Owner,Dealer,5.0,Diesel,Manual,22.7,,,10781.079754972729
2011.0,60000.0,First Owner,Individual,7.0,Diesel,Manual,12.8,2494.0,102.0,9597.596315359988
2011.0,,Second Owner,Individual,7.0,Diesel,Manual,,2179.0,138.1,9596.552299255598
2013.0,95500.0,Second Owner,Individual,7.0,Diesel,Manual,14.0,2179.0,13.93,10124.253978118191
2016.0,23700.0,First Owner,Individual,5.0,Petrol,Manual,20.4,1197.0,81.8,9286.699405342937
2013.0,50000.0,First Owner,Individual,5.0,Diesel,Manual,25.8,1498.0,98.6,9390.624015050613
2014.0,90000.0,Second Owner,Individual,7.0,Diesel,Manual,15.1,2179.0,140.0,10787.818746701278
2013.0,110000.0,Second Owner,Individual,5.0,Petrol,Manual,19.81,1086.0,68.05,6069.1298553462975
2016.0,110000.0,First Owner,Individual,7.0,Diesel,Manual,18.49,1493.0,100.0,11583.368787188205
2011.0,50600.0,First Owner,Individual,5.0,Petrol,Manual,19.7,796.0,46.3,5962.087499032319
2015.0,96500.0,First Owner,Individual,5.0,Diesel,Manual,20.5,1248.0,91.72,9723.517030550276
2011.0,100000.0,Second Owner,Individual,5.0,Diesel,Manual,23.59,1364.0,67.1,7377.651940653893
2011.0,68519.0,First Owner,Dealer,5.0,Petrol,Manual,16.2,995.0,62.1,5649.40563199811
2014.0,65000.0,Second Owner,Individual,5.0,Diesel,Manual,23.4,1248.0,74.0,9701.349288421705
2015.0,110000.0,First Owner,Individual,7.0,Diesel,Manual,14.1,2179.0,147.94,11010.648070007048
2018.0,38817.0,First Owner,Dealer,5.0,Diesel,Manual,27.39,1248.0,74.0,12443.119824433825
2018.0,35000.0,Second Owner,Individual,7.0,Diesel,Manual,13.68,2393.0,147.8,14031.477985967571
2018.0,33000.0,First Owner,Dealer,5.0,Petrol,Manual,20.89,1197.0,81.8,10267.327682094183
,5000.0,,Individual,5.0,Petrol,Manual,23.87,1197.0,88.5,9041.004613137553
2018.0,33000.0,First Owner,Individual,5.0,Petrol,Manual,21.1,814.0,55.2,10268.09695711847
2011.0,68000.0,First Owner,Individual,7.0,Diesel,Manual,13.1,2499.0,141.0,9457.074523123963
2016.0,120000.0,First Owner,Individual,9.0,Diesel,Manual,15.96,2523.0,1653.2,12888.191829509155
2014.0,70000.0,Third Owner,Individual,5.0,Diesel,Manual,22.32,1582.0,126.32,9612.71499569698
2015.0,120000.0,Second Owner,Individual,5.0,Petrol,Manual,15.37,1196.0,73.0,7037.665450247212
2008.0,120000.0,Second Owner,Individual,7.0,Diesel,Manual,11.57,2179.0,138.1,6836.845129949342
,161000.0,,Individual,5.0,Petrol,Manual,13.0,1493.0,100.0,6322.490829692603
2006.0,90000.0,Second Owner,Individual,5.0,Diesel,Manual,13.1,1493.0,82.0,4694.041981059155
,70000.0,,Individual,5.0,Petrol,Manual,17.1,1591.0,121.3,7907.480532517749
2013.0,60000.0,Third Owner,Individual,7.0,Diesel,Manual,20.77,,,10740.813750523796
2010.0,80000.0,First Owner,Individual,5.0,Diesel,Manual,21.12,1248.0,88.8,7153.924856760896
2018.0,69779.0,First Owner,Dealer,5.0,Petrol,Automatic,22.0,1197.0,81.8,24520.918625928058
2017.0,60000.0,First Owner,Individual,5.0,Diesel,Manual,22.77,1498.0,98.59,11501.97162757669
2016.0,20000.0,First Owner,Individual,5.0,Petrol,Manual,20.4,1197.0,81.8,9351.169087701324
2007.0,120000.0,Second Owner,Individual,5.0,Petrol,Manual,15.0,1586.0,104.68,2465.05960347118
2012.0,,Second Owner,Individual,5.0,Petrol,Manual,,1497.0,116.3,6367.359536337028
2012.0,110000.0,First Owner,Individual,5.0,Petrol,Manual,16.2,995.0,62.1,5497.7150827372925
2012.0,30000.0,First Owner,Individual,5.0,Petrol,Manual,22.74,796.0,47.3,6892.0821784391865
2016.0,30000.0,First Owner,Individual,5.0,Diesel,Manual,21.7,1498.0,98.96,11453.353794461209
2016.0,40000.0,First Owner,Individual,5.0,Petrol,Manual,17.43,1396.0,105.5,9001.99891150195
2008.0,60000.0,First Owner,Individual,5.0,Petrol,Manual,19.7,796.0,46.3,4084.0467965732114
2000.0,70000.0,Fourth & Above Owner,Individual,5.0,Petrol,Manual,17.3,993.0,60.0,-662.7865720207319
2011.0,120000.0,Third Owner,Individual,5.0,Diesel,Manual,20.54,1598.0,103.6,7028.111586999223
2017.0,15000.0,First Owner,Individual,5.0,Diesel,Manual,24.7,1047.0,69.0,12286.91810512673
2014.0,90000.0,Second Owner,Individual,7.0,Diesel,Manual,14.0,2523.0,75.0,10789.698554091454
2018.0,40000.0,First Owner,Individual,5.0,Diesel,Manual,22.0,1582.0,126.2,12420.997320382736
2008.0,60000.0,Second Owner,Individual,5.0,Petrol,Manual,19.81,1086.0,68.05,4083.4177841003448
2019.0,7032.0,First Owner,Trustmark Dealer,5.0,Petrol,Automatic,19.0,1199.0,88.76,26185.87032047325
2015.0,40000.0,First Owner,Individual,5.0,Diesel,Manual,26.59,1248.0,74.0,10708.498968816019
2015.0,126000.0,First Owner,Individual,5.0,Diesel,Manual,21.19,1396.0,88.73,9209.58846667064
2009.0,70000.0,Second Owner,Individual,5.0,Petrol,Manual,19.7,796.0,46.3,4481.138698751427
2017.0,50000.0,First Owner,Individual,5.0,Diesel,Manual,24.3,1248.0,88.5,11676.505816276274
2014.0,27233.0,First Owner,Dealer,5.0,Diesel,Manual,27.4,,,10359.147040680336
2012.0,40000.0,Second Owner,Individual,5.0,Petrol,Manual,17.92,1086.0,62.1,6717.4117760041
2015.0,40000.0,First Owner,Dealer,5.0,Diesel,Manual,26.21,1248.0,88.5,10708.07962716744
2012.0,97000.0,Third Owner,Individual,5.0,Diesel,Manual,22.9,1248.0,74.0,8000.809394225735
2014.0,76000.0,First Owner,Dealer,5.0,Diesel,Manual,22.54,1396.0,88.73,9509.256671919336
,42323.0,,Dealer,5.0,Diesel,Manual,21.19,1396.0,88.76,10667.595601959896
2011.0,77395.0,Second Owner,Dealer,5.0,Diesel,Manual,20.0,1399.0,68.0,7771.50082328437
2014.0,76000.0,First Owner,Individual,5.0,Diesel,Manual,25.8,1498.0,98.6,9508.971230397166
2012.0,,First Owner,Individual,5.0,Petrol,Manual,,1197.0,85.8,6368.241599804725
2020.0,25000.0,First Owner,Individual,5.0,Petrol,Manual,21.63,998.0,67.04,11550.317024635477
2016.0,65000.0,Second Owner,Individual,5.0,Petrol,Manual,22.74,796.0,47.3,8568.076100237997
2013.0,40000.0,First Owner,Individual,7.0,Diesel,Automatic,11.18,2696.0,184.0,25980.817780472637
2019.0,9000.0,First Owner,Dealer,5.0,Petrol,Manual,18.6,1197.0,81.83,11257.342824827152
2013.0,90000.0,Second Owner,Individual,5.0,Diesel,Manual,22.9,1248.0,74.0,8694.365910837905
2017.0,96000.0,First Owner,Individual,5.0,Diesel,Manual,19.87,1461.0,83.8,10875.126770949595
2004.0,70000.0,Fourth & Above Owner,Individual,5.0,Petrol,Manual,19.7,796.0,46.3,1623.9672640983426
2007.0,35000.0,First Owner,Individual,5.0,Petrol,Manual,18.2,1061.0,1886.31,3894.5949317041404
2010.0,90000.0,Second Owner,Individual,5.0,Petrol,Manual,18.9,1061.0,67.0,4703.389569823755
2016.0,92385.0,First Owner,Individual,7.0,Diesel,Manual,15.96,2523.0,62.1,11891.3928202386
2018.0,20000.0,First Owner,Dealer,8.0,Diesel,Automatic,11.36,2755.0,171.5,29948.585240948552
2013.0,60000.0,Second Owner,Individual,5.0,Petrol,Manual,21.1,814.0,55.2,6940.713402569283
2007.0,130000.0,Second Owner,Individual,5.0,Diesel,Manual,16.52,1991.0,123.7,4567.1905188195915
2013.0,35000.0,First Owner,Individual,5.0,Petrol,Manual,22.74,796.0,47.3,7376.547833348477
2003.0,20000.0,First Owner,Individual,5.0,Diesel,Manual,15.9,1527.0,57.0,4199.948574956993
1998.0,110000.0,Third Owner,Individual,5.0,Petrol,Manual,13.1,1598.0,77.0,-2501.8958439854014
2017.0,20000.0,First Owner,Individual,5.0,Petrol,Manual,18.6,1197.0,81.83,9922.50250702853
2007.0,120000.0,Third Owner,Individual,8.0,Diesel,Manual,12.8,2494.0,102.0,7028.036691535846
2019.0,25000.0,First Owner,Individual,5.0,Diesel,Manual,28.4,1248.0,74.02,13255.70423597456
2017.0,30000.0,First Owner,Individual,5.0,Petrol,Manual,18.9,1197.0,81.86,9748.259254672717
2011.0,115000.0,Fourth & Above Owner,Individual,5.0,Diesel,Manual,21.5,1248.0,88.8,7115.66079705811
2016.0,42163.0,Second Owner,Dealer,7.0,Diesel,Automatic,11.36,2755.0,171.5,27657.7460752186
2013.0,70000.0,Third Owner,Individual,8.0,Diesel,Manual,14.0,2523.0,75.0,11328.797981725684
2015.0,170000.0,First Owner,Individual,7.0,Diesel,Manual,12.99,2494.0,100.6,9966.562839674963
2009.0,70000.0,Third Owner,Individual,7.0,Diesel,Manual,10.9,2499.0,143.0,8279.249632084859
2008.0,134000.0,Second Owner,Individual,7.0,Diesel,Manual,12.8,2494.0,102.0,6593.9498074003695
2012.0,120000.0,First Owner,Individual,5.0,Diesel,Manual,23.03,1396.0,69.0,7600.196509863687
2014.0,25000.0,First Owner,Individual,7.0,Petrol,Manual,16.02,1373.0,93.7,9644.809888192673
2007.0,100000.0,Second Owner,Individual,5.0,Petrol,Manual,15.3,1193.0,65.3,2814.6832470532927
2011.0,168000.0,Second Owner,Individual,8.0,Diesel,Manual,12.8,2494.0,102.0,8477.770633866281
2010.0,80000.0,Second Owner,Individual,5.0,Diesel,Manual,20.4,1248.0,91.2,7153.855448488028
2015.0,7967.0,First Owner,Individual,5.0,Petrol,Manual,20.85,1197.0,83.14,8989.46190939092
2015.0,58945.0,First Owner,Individual,7.0,Diesel,Manual,18.49,1493.0,100.0,11901.628995610972
2007.0,105000.0,Second Owner,Individual,7.0,Diesel,Manual,13.6,2523.0,63.0,6528.53607926633
2018.0,60000.0,First Owner,Individual,5.0,Petrol,Manual,17.0,1591.0,121.3,9795.730898771748
2011.0,70000.0,First Owner,Individual,5.0,Diesel,Manual,23.03,1396.0,69.0,7900.324146695076
2016.0,63000.0,First Owner,Dealer,5.0,Diesel,Manual,24.3,1248.0,88.5,10878.656429167535
